6	FAIL	(Path Traversal)
7	FAIL	(Remote File Inclusion)
40003	FAIL	(CRLF Injection)
40009	FAIL	(Server Side Include)
40012	FAIL	(Cross Site Scripting - Reflected)
40014	FAIL	(Cross Site Scripting - Persistent)
40018	FAIL	(SQL Injection)
40019	FAIL	(SQL Injection - MySQL)
40020	FAIL	(SQL Injection - Hypersonic SQL)
40021	FAIL	(SQL Injection - Oracle)
40022	FAIL	(SQL Injection - PostgreSQL)
40024	FAIL	(SQL Injection - SQLite)
40026	FAIL	(Cross Site Scripting - DOM Based)
90019	FAIL	(Server Side Code Injection)
90020	FAIL	(Remote OS Command Injection)
90023	FAIL	(XML External Entity Attack)
